SET NOCOUNT ON;
SET XACT_ABORT ON;

BEGIN TRAN;

-- Plans
IF EXISTS (SELECT 1 FROM dbo.SubscriptionPlans WHERE Id = '40000000-0000-0000-0000-000000000001')
BEGIN
    UPDATE dbo.SubscriptionPlans
    SET Name = 'Gratuito',
        MonthlyPrice = 0.00,
        MaxTransactionAmount = 10.00,
        AllowsNightTransactions = 0,
        IsActive = 1
    WHERE Id = '40000000-0000-0000-0000-000000000001';
END
ELSE
BEGIN
    INSERT INTO dbo.SubscriptionPlans (Id, Name, MonthlyPrice, MaxTransactionAmount, AllowsNightTransactions, IsActive)
    VALUES ('40000000-0000-0000-0000-000000000001', 'Gratuito', 0.00, 10.00, 0, 1);
END;

IF EXISTS (SELECT 1 FROM dbo.SubscriptionPlans WHERE Id = '40000000-0000-0000-0000-000000000002')
BEGIN
    UPDATE dbo.SubscriptionPlans
    SET Name = 'Basico',
        MonthlyPrice = 19.90,
        MaxTransactionAmount = 50.00,
        AllowsNightTransactions = 0,
        IsActive = 1
    WHERE Id = '40000000-0000-0000-0000-000000000002';
END
ELSE
BEGIN
    INSERT INTO dbo.SubscriptionPlans (Id, Name, MonthlyPrice, MaxTransactionAmount, AllowsNightTransactions, IsActive)
    VALUES ('40000000-0000-0000-0000-000000000002', 'Basico', 19.90, 50.00, 0, 1);
END;

IF EXISTS (SELECT 1 FROM dbo.SubscriptionPlans WHERE Id = '40000000-0000-0000-0000-000000000003')
BEGIN
    UPDATE dbo.SubscriptionPlans
    SET Name = 'Premium',
        MonthlyPrice = 39.90,
        MaxTransactionAmount = 100.00,
        AllowsNightTransactions = 1,
        IsActive = 1
    WHERE Id = '40000000-0000-0000-0000-000000000003';
END
ELSE
BEGIN
    INSERT INTO dbo.SubscriptionPlans (Id, Name, MonthlyPrice, MaxTransactionAmount, AllowsNightTransactions, IsActive)
    VALUES ('40000000-0000-0000-0000-000000000003', 'Premium', 39.90, 100.00, 1, 1);
END;

-- Merchants
IF NOT EXISTS (SELECT 1 FROM dbo.Merchants WHERE Name = 'Digital Store')
BEGIN
    INSERT INTO dbo.Merchants (Id, Name, Category, IsActive)
    VALUES ('50000000-0000-0000-0000-000000000001', 'Digital Store', 'Music', 1);
END;

IF NOT EXISTS (SELECT 1 FROM dbo.Merchants WHERE Name = 'Live Venue')
BEGIN
    INSERT INTO dbo.Merchants (Id, Name, Category, IsActive)
    VALUES ('50000000-0000-0000-0000-000000000002', 'Live Venue', 'Entertainment', 1);
END;

IF NOT EXISTS (SELECT 1 FROM dbo.Merchants WHERE Name = 'Music Market')
BEGIN
    INSERT INTO dbo.Merchants (Id, Name, Category, IsActive)
    VALUES ('50000000-0000-0000-0000-000000000003', 'Music Market', 'Retail', 1);
END;

-- Artists
IF NOT EXISTS (SELECT 1 FROM dbo.Artists WHERE Name = 'Rev Theory')
BEGIN
    INSERT INTO dbo.Artists (Id, Name, NormalizedName) VALUES ('10000000-0000-0000-0000-000000000001', 'Rev Theory', 'REV THEORY');
END;

IF NOT EXISTS (SELECT 1 FROM dbo.Artists WHERE Name = 'Shinedown')
BEGIN
    INSERT INTO dbo.Artists (Id, Name, NormalizedName) VALUES ('10000000-0000-0000-0000-000000000002', 'Shinedown', 'SHINEDOWN');
END;

IF NOT EXISTS (SELECT 1 FROM dbo.Artists WHERE Name = 'Nirvana')
BEGIN
    INSERT INTO dbo.Artists (Id, Name, NormalizedName) VALUES ('10000000-0000-0000-0000-000000000003', 'Nirvana', 'NIRVANA');
END;

IF NOT EXISTS (SELECT 1 FROM dbo.Artists WHERE Name = 'Metallica')
BEGIN
    INSERT INTO dbo.Artists (Id, Name, NormalizedName) VALUES ('10000000-0000-0000-0000-000000000004', 'Metallica', 'METALLICA');
END;

IF NOT EXISTS (SELECT 1 FROM dbo.Artists WHERE Name = 'Linkin Park')
BEGIN
    INSERT INTO dbo.Artists (Id, Name, NormalizedName) VALUES ('10000000-0000-0000-0000-000000000005', 'Linkin Park', 'LINKIN PARK');
END;

IF NOT EXISTS (SELECT 1 FROM dbo.Artists WHERE Name = 'Breaking Benjamin')
BEGIN
    INSERT INTO dbo.Artists (Id, Name, NormalizedName) VALUES ('10000000-0000-0000-0000-000000000006', 'Breaking Benjamin', 'BREAKING BENJAMIN');
END;

IF NOT EXISTS (SELECT 1 FROM dbo.Artists WHERE Name = 'Three Days Grace')
BEGIN
    INSERT INTO dbo.Artists (Id, Name, NormalizedName) VALUES ('10000000-0000-0000-0000-000000000007', 'Three Days Grace', 'THREE DAYS GRACE');
END;

IF NOT EXISTS (SELECT 1 FROM dbo.Artists WHERE Name = 'Seether')
BEGIN
    INSERT INTO dbo.Artists (Id, Name, NormalizedName) VALUES ('10000000-0000-0000-0000-000000000008', 'Seether', 'SEETHER');
END;

IF NOT EXISTS (SELECT 1 FROM dbo.Artists WHERE Name = 'Foo Fighters')
BEGIN
    INSERT INTO dbo.Artists (Id, Name, NormalizedName) VALUES ('10000000-0000-0000-0000-000000000009', 'Foo Fighters', 'FOO FIGHTERS');
END;

IF NOT EXISTS (SELECT 1 FROM dbo.Artists WHERE Name = 'Creed')
BEGIN
    INSERT INTO dbo.Artists (Id, Name, NormalizedName) VALUES ('10000000-0000-0000-0000-000000000010', 'Creed', 'CREED');
END;

-- Albums
IF NOT EXISTS (SELECT 1 FROM dbo.Albums WHERE Title = 'Justice')
BEGIN
    INSERT INTO dbo.Albums (Id, ArtistId, Title, NormalizedTitle, ReleaseYear)
    VALUES ('20000000-0000-0000-0000-000000000001', '10000000-0000-0000-0000-000000000001', 'Justice', 'JUSTICE', 2011);
END;

IF NOT EXISTS (SELECT 1 FROM dbo.Albums WHERE Title = 'The Sound of Madness')
BEGIN
    INSERT INTO dbo.Albums (Id, ArtistId, Title, NormalizedTitle, ReleaseYear)
    VALUES ('20000000-0000-0000-0000-000000000002', '10000000-0000-0000-0000-000000000002', 'The Sound of Madness', 'THE SOUND OF MADNESS', 2008);
END;

IF NOT EXISTS (SELECT 1 FROM dbo.Albums WHERE Title = 'Nevermind')
BEGIN
    INSERT INTO dbo.Albums (Id, ArtistId, Title, NormalizedTitle, ReleaseYear)
    VALUES ('20000000-0000-0000-0000-000000000003', '10000000-0000-0000-0000-000000000003', 'Nevermind', 'NEVERMIND', 1991);
END;

IF NOT EXISTS (SELECT 1 FROM dbo.Albums WHERE Title = 'Metallica')
BEGIN
    INSERT INTO dbo.Albums (Id, ArtistId, Title, NormalizedTitle, ReleaseYear)
    VALUES ('20000000-0000-0000-0000-000000000004', '10000000-0000-0000-0000-000000000004', 'Metallica', 'METALLICA', 1991);
END;

IF NOT EXISTS (SELECT 1 FROM dbo.Albums WHERE Title = 'Meteora')
BEGIN
    INSERT INTO dbo.Albums (Id, ArtistId, Title, NormalizedTitle, ReleaseYear)
    VALUES ('20000000-0000-0000-0000-000000000005', '10000000-0000-0000-0000-000000000005', 'Meteora', 'METEORA', 2003);
END;

IF NOT EXISTS (SELECT 1 FROM dbo.Albums WHERE Title = 'Phobia')
BEGIN
    INSERT INTO dbo.Albums (Id, ArtistId, Title, NormalizedTitle, ReleaseYear)
    VALUES ('20000000-0000-0000-0000-000000000006', '10000000-0000-0000-0000-000000000006', 'Phobia', 'PHOBIA', 2006);
END;

IF NOT EXISTS (SELECT 1 FROM dbo.Albums WHERE Title = 'One-X')
BEGIN
    INSERT INTO dbo.Albums (Id, ArtistId, Title, NormalizedTitle, ReleaseYear)
    VALUES ('20000000-0000-0000-0000-000000000007', '10000000-0000-0000-0000-000000000007', 'One-X', 'ONE-X', 2006);
END;

IF NOT EXISTS (SELECT 1 FROM dbo.Albums WHERE Title = 'Karma and Effect')
BEGIN
    INSERT INTO dbo.Albums (Id, ArtistId, Title, NormalizedTitle, ReleaseYear)
    VALUES ('20000000-0000-0000-0000-000000000008', '10000000-0000-0000-0000-000000000008', 'Karma and Effect', 'KARMA AND EFFECT', 2005);
END;

IF NOT EXISTS (SELECT 1 FROM dbo.Albums WHERE Title = 'Wasting Light')
BEGIN
    INSERT INTO dbo.Albums (Id, ArtistId, Title, NormalizedTitle, ReleaseYear)
    VALUES ('20000000-0000-0000-0000-000000000009', '10000000-0000-0000-0000-000000000009', 'Wasting Light', 'WASTING LIGHT', 2011);
END;

IF NOT EXISTS (SELECT 1 FROM dbo.Albums WHERE Title = 'Human Clay')
BEGIN
    INSERT INTO dbo.Albums (Id, ArtistId, Title, NormalizedTitle, ReleaseYear)
    VALUES ('20000000-0000-0000-0000-000000000010', '10000000-0000-0000-0000-000000000010', 'Human Clay', 'HUMAN CLAY', 1999);
END;

-- Tracks
IF NOT EXISTS (SELECT 1 FROM dbo.MusicTracks WHERE Title = 'Over the Line' AND AlbumId = '20000000-0000-0000-0000-000000000001')
BEGIN
    INSERT INTO dbo.MusicTracks (Id, ArtistId, AlbumId, Title, NormalizedTitle, DurationSeconds)
    VALUES ('30000000-0000-0000-0000-000000000001', '10000000-0000-0000-0000-000000000001', '20000000-0000-0000-0000-000000000001', 'Over the Line', 'OVER THE LINE', 234);
END;

IF NOT EXISTS (SELECT 1 FROM dbo.MusicTracks WHERE Title = 'Hell Yeah' AND AlbumId = '20000000-0000-0000-0000-000000000001')
BEGIN
    INSERT INTO dbo.MusicTracks (Id, ArtistId, AlbumId, Title, NormalizedTitle, DurationSeconds)
    VALUES ('30000000-0000-0000-0000-000000000002', '10000000-0000-0000-0000-000000000001', '20000000-0000-0000-0000-000000000001', 'Hell Yeah', 'HELL YEAH', 215);
END;

IF NOT EXISTS (SELECT 1 FROM dbo.MusicTracks WHERE Title = 'Her Name Is Alice' AND AlbumId = '20000000-0000-0000-0000-000000000002')
BEGIN
    INSERT INTO dbo.MusicTracks (Id, ArtistId, AlbumId, Title, NormalizedTitle, DurationSeconds)
    VALUES ('30000000-0000-0000-0000-000000000003', '10000000-0000-0000-0000-000000000002', '20000000-0000-0000-0000-000000000002', 'Her Name Is Alice', 'HER NAME IS ALICE', 232);
END;

IF NOT EXISTS (SELECT 1 FROM dbo.MusicTracks WHERE Title = 'Simple Man' AND AlbumId = '20000000-0000-0000-0000-000000000002')
BEGIN
    INSERT INTO dbo.MusicTracks (Id, ArtistId, AlbumId, Title, NormalizedTitle, DurationSeconds)
    VALUES ('30000000-0000-0000-0000-000000000004', '10000000-0000-0000-0000-000000000002', '20000000-0000-0000-0000-000000000002', 'Simple Man', 'SIMPLE MAN', 250);
END;

IF NOT EXISTS (SELECT 1 FROM dbo.MusicTracks WHERE Title = 'Second Chance' AND AlbumId = '20000000-0000-0000-0000-000000000002')
BEGIN
    INSERT INTO dbo.MusicTracks (Id, ArtistId, AlbumId, Title, NormalizedTitle, DurationSeconds)
    VALUES ('30000000-0000-0000-0000-000000000005', '10000000-0000-0000-0000-000000000002', '20000000-0000-0000-0000-000000000002', 'Second Chance', 'SECOND CHANCE', 242);
END;

IF NOT EXISTS (SELECT 1 FROM dbo.MusicTracks WHERE Title = 'Smells Like Teen Spirit' AND AlbumId = '20000000-0000-0000-0000-000000000003')
BEGIN
    INSERT INTO dbo.MusicTracks (Id, ArtistId, AlbumId, Title, NormalizedTitle, DurationSeconds)
    VALUES ('30000000-0000-0000-0000-000000000006', '10000000-0000-0000-0000-000000000003', '20000000-0000-0000-0000-000000000003', 'Smells Like Teen Spirit', 'SMELLS LIKE TEEN SPIRIT', 301);
END;

IF NOT EXISTS (SELECT 1 FROM dbo.MusicTracks WHERE Title = 'Come As You Are' AND AlbumId = '20000000-0000-0000-0000-000000000003')
BEGIN
    INSERT INTO dbo.MusicTracks (Id, ArtistId, AlbumId, Title, NormalizedTitle, DurationSeconds)
    VALUES ('30000000-0000-0000-0000-000000000007', '10000000-0000-0000-0000-000000000003', '20000000-0000-0000-0000-000000000003', 'Come As You Are', 'COME AS YOU ARE', 219);
END;

IF NOT EXISTS (SELECT 1 FROM dbo.MusicTracks WHERE Title = 'In Bloom' AND AlbumId = '20000000-0000-0000-0000-000000000003')
BEGIN
    INSERT INTO dbo.MusicTracks (Id, ArtistId, AlbumId, Title, NormalizedTitle, DurationSeconds)
    VALUES ('30000000-0000-0000-0000-000000000008', '10000000-0000-0000-0000-000000000003', '20000000-0000-0000-0000-000000000003', 'In Bloom', 'IN BLOOM', 254);
END;

IF NOT EXISTS (SELECT 1 FROM dbo.MusicTracks WHERE Title = 'Enter Sandman' AND AlbumId = '20000000-0000-0000-0000-000000000004')
BEGIN
    INSERT INTO dbo.MusicTracks (Id, ArtistId, AlbumId, Title, NormalizedTitle, DurationSeconds)
    VALUES ('30000000-0000-0000-0000-000000000009', '10000000-0000-0000-0000-000000000004', '20000000-0000-0000-0000-000000000004', 'Enter Sandman', 'ENTER SANDMAN', 332);
END;

IF NOT EXISTS (SELECT 1 FROM dbo.MusicTracks WHERE Title = 'Nothing Else Matters' AND AlbumId = '20000000-0000-0000-0000-000000000004')
BEGIN
    INSERT INTO dbo.MusicTracks (Id, ArtistId, AlbumId, Title, NormalizedTitle, DurationSeconds)
    VALUES ('30000000-0000-0000-0000-000000000010', '10000000-0000-0000-0000-000000000004', '20000000-0000-0000-0000-000000000004', 'Nothing Else Matters', 'NOTHING ELSE MATTERS', 388);
END;

IF NOT EXISTS (SELECT 1 FROM dbo.MusicTracks WHERE Title = 'Sad But True' AND AlbumId = '20000000-0000-0000-0000-000000000004')
BEGIN
    INSERT INTO dbo.MusicTracks (Id, ArtistId, AlbumId, Title, NormalizedTitle, DurationSeconds)
    VALUES ('30000000-0000-0000-0000-000000000011', '10000000-0000-0000-0000-000000000004', '20000000-0000-0000-0000-000000000004', 'Sad But True', 'SAD BUT TRUE', 323);
END;

IF NOT EXISTS (SELECT 1 FROM dbo.MusicTracks WHERE Title = 'Numb' AND AlbumId = '20000000-0000-0000-0000-000000000005')
BEGIN
    INSERT INTO dbo.MusicTracks (Id, ArtistId, AlbumId, Title, NormalizedTitle, DurationSeconds)
    VALUES ('30000000-0000-0000-0000-000000000012', '10000000-0000-0000-0000-000000000005', '20000000-0000-0000-0000-000000000005', 'Numb', 'NUMB', 187);
END;

IF NOT EXISTS (SELECT 1 FROM dbo.MusicTracks WHERE Title = 'Faint' AND AlbumId = '20000000-0000-0000-0000-000000000005')
BEGIN
    INSERT INTO dbo.MusicTracks (Id, ArtistId, AlbumId, Title, NormalizedTitle, DurationSeconds)
    VALUES ('30000000-0000-0000-0000-000000000013', '10000000-0000-0000-0000-000000000005', '20000000-0000-0000-0000-000000000005', 'Faint', 'FAINT', 162);
END;

IF NOT EXISTS (SELECT 1 FROM dbo.MusicTracks WHERE Title = 'Breaking the Habit' AND AlbumId = '20000000-0000-0000-0000-000000000005')
BEGIN
    INSERT INTO dbo.MusicTracks (Id, ArtistId, AlbumId, Title, NormalizedTitle, DurationSeconds)
    VALUES ('30000000-0000-0000-0000-000000000014', '10000000-0000-0000-0000-000000000005', '20000000-0000-0000-0000-000000000005', 'Breaking the Habit', 'BREAKING THE HABIT', 197);
END;

IF NOT EXISTS (SELECT 1 FROM dbo.MusicTracks WHERE Title = 'The Diary of Jane' AND AlbumId = '20000000-0000-0000-0000-000000000006')
BEGIN
    INSERT INTO dbo.MusicTracks (Id, ArtistId, AlbumId, Title, NormalizedTitle, DurationSeconds)
    VALUES ('30000000-0000-0000-0000-000000000015', '10000000-0000-0000-0000-000000000006', '20000000-0000-0000-0000-000000000006', 'The Diary of Jane', 'THE DIARY OF JANE', 230);
END;

IF NOT EXISTS (SELECT 1 FROM dbo.MusicTracks WHERE Title = 'Breath' AND AlbumId = '20000000-0000-0000-0000-000000000006')
BEGIN
    INSERT INTO dbo.MusicTracks (Id, ArtistId, AlbumId, Title, NormalizedTitle, DurationSeconds)
    VALUES ('30000000-0000-0000-0000-000000000016', '10000000-0000-0000-0000-000000000006', '20000000-0000-0000-0000-000000000006', 'Breath', 'BREATH', 237);
END;

IF NOT EXISTS (SELECT 1 FROM dbo.MusicTracks WHERE Title = 'So Cold' AND AlbumId = '20000000-0000-0000-0000-000000000006')
BEGIN
    INSERT INTO dbo.MusicTracks (Id, ArtistId, AlbumId, Title, NormalizedTitle, DurationSeconds)
    VALUES ('30000000-0000-0000-0000-000000000017', '10000000-0000-0000-0000-000000000006', '20000000-0000-0000-0000-000000000006', 'So Cold', 'SO COLD', 239);
END;

IF NOT EXISTS (SELECT 1 FROM dbo.MusicTracks WHERE Title = 'Animal I Have Become' AND AlbumId = '20000000-0000-0000-0000-000000000007')
BEGIN
    INSERT INTO dbo.MusicTracks (Id, ArtistId, AlbumId, Title, NormalizedTitle, DurationSeconds)
    VALUES ('30000000-0000-0000-0000-000000000018', '10000000-0000-0000-0000-000000000007', '20000000-0000-0000-0000-000000000007', 'Animal I Have Become', 'ANIMAL I HAVE BECOME', 212);
END;

IF NOT EXISTS (SELECT 1 FROM dbo.MusicTracks WHERE Title = 'Riot' AND AlbumId = '20000000-0000-0000-0000-000000000007')
BEGIN
    INSERT INTO dbo.MusicTracks (Id, ArtistId, AlbumId, Title, NormalizedTitle, DurationSeconds)
    VALUES ('30000000-0000-0000-0000-000000000019', '10000000-0000-0000-0000-000000000007', '20000000-0000-0000-0000-000000000007', 'Riot', 'RIOT', 208);
END;

IF NOT EXISTS (SELECT 1 FROM dbo.MusicTracks WHERE Title = 'Never Too Late' AND AlbumId = '20000000-0000-0000-0000-000000000007')
BEGIN
    INSERT INTO dbo.MusicTracks (Id, ArtistId, AlbumId, Title, NormalizedTitle, DurationSeconds)
    VALUES ('30000000-0000-0000-0000-000000000020', '10000000-0000-0000-0000-000000000007', '20000000-0000-0000-0000-000000000007', 'Never Too Late', 'NEVER TOO LATE', 221);
END;

IF NOT EXISTS (SELECT 1 FROM dbo.MusicTracks WHERE Title = 'Remedy' AND AlbumId = '20000000-0000-0000-0000-000000000008')
BEGIN
    INSERT INTO dbo.MusicTracks (Id, ArtistId, AlbumId, Title, NormalizedTitle, DurationSeconds)
    VALUES ('30000000-0000-0000-0000-000000000021', '10000000-0000-0000-0000-000000000008', '20000000-0000-0000-0000-000000000008', 'Remedy', 'REMEDY', 212);
END;

IF NOT EXISTS (SELECT 1 FROM dbo.MusicTracks WHERE Title = 'Fake It' AND AlbumId = '20000000-0000-0000-0000-000000000008')
BEGIN
    INSERT INTO dbo.MusicTracks (Id, ArtistId, AlbumId, Title, NormalizedTitle, DurationSeconds)
    VALUES ('30000000-0000-0000-0000-000000000022', '10000000-0000-0000-0000-000000000008', '20000000-0000-0000-0000-000000000008', 'Fake It', 'FAKE IT', 194);
END;

IF NOT EXISTS (SELECT 1 FROM dbo.MusicTracks WHERE Title = 'Broken' AND AlbumId = '20000000-0000-0000-0000-000000000008')
BEGIN
    INSERT INTO dbo.MusicTracks (Id, ArtistId, AlbumId, Title, NormalizedTitle, DurationSeconds)
    VALUES ('30000000-0000-0000-0000-000000000023', '10000000-0000-0000-0000-000000000008', '20000000-0000-0000-0000-000000000008', 'Broken', 'BROKEN', 254);
END;

IF NOT EXISTS (SELECT 1 FROM dbo.MusicTracks WHERE Title = 'The Pretender' AND AlbumId = '20000000-0000-0000-0000-000000000009')
BEGIN
    INSERT INTO dbo.MusicTracks (Id, ArtistId, AlbumId, Title, NormalizedTitle, DurationSeconds)
    VALUES ('30000000-0000-0000-0000-000000000024', '10000000-0000-0000-0000-000000000009', '20000000-0000-0000-0000-000000000009', 'The Pretender', 'THE PRETENDER', 269);
END;

IF NOT EXISTS (SELECT 1 FROM dbo.MusicTracks WHERE Title = 'Everlong' AND AlbumId = '20000000-0000-0000-0000-000000000009')
BEGIN
    INSERT INTO dbo.MusicTracks (Id, ArtistId, AlbumId, Title, NormalizedTitle, DurationSeconds)
    VALUES ('30000000-0000-0000-0000-000000000025', '10000000-0000-0000-0000-000000000009', '20000000-0000-0000-0000-000000000009', 'Everlong', 'EVERLONG', 250);
END;

IF NOT EXISTS (SELECT 1 FROM dbo.MusicTracks WHERE Title = 'Walk' AND AlbumId = '20000000-0000-0000-0000-000000000009')
BEGIN
    INSERT INTO dbo.MusicTracks (Id, ArtistId, AlbumId, Title, NormalizedTitle, DurationSeconds)
    VALUES ('30000000-0000-0000-0000-000000000026', '10000000-0000-0000-0000-000000000009', '20000000-0000-0000-0000-000000000009', 'Walk', 'WALK', 285);
END;

IF NOT EXISTS (SELECT 1 FROM dbo.MusicTracks WHERE Title = 'Higher' AND AlbumId = '20000000-0000-0000-0000-000000000010')
BEGIN
    INSERT INTO dbo.MusicTracks (Id, ArtistId, AlbumId, Title, NormalizedTitle, DurationSeconds)
    VALUES ('30000000-0000-0000-0000-000000000027', '10000000-0000-0000-0000-000000000010', '20000000-0000-0000-0000-000000000010', 'Higher', 'HIGHER', 316);
END;

IF NOT EXISTS (SELECT 1 FROM dbo.MusicTracks WHERE Title = 'My Sacrifice' AND AlbumId = '20000000-0000-0000-0000-000000000010')
BEGIN
    INSERT INTO dbo.MusicTracks (Id, ArtistId, AlbumId, Title, NormalizedTitle, DurationSeconds)
    VALUES ('30000000-0000-0000-0000-000000000028', '10000000-0000-0000-0000-000000000010', '20000000-0000-0000-0000-000000000010', 'My Sacrifice', 'MY SACRIFICE', 300);
END;

IF NOT EXISTS (SELECT 1 FROM dbo.MusicTracks WHERE Title = 'With Arms Wide Open' AND AlbumId = '20000000-0000-0000-0000-000000000010')
BEGIN
    INSERT INTO dbo.MusicTracks (Id, ArtistId, AlbumId, Title, NormalizedTitle, DurationSeconds)
    VALUES ('30000000-0000-0000-0000-000000000029', '10000000-0000-0000-0000-000000000010', '20000000-0000-0000-0000-000000000010', 'With Arms Wide Open', 'WITH ARMS WIDE OPEN', 252);
END;

COMMIT;
